"日期","铜溢价平均","铜现货进口盈亏","利差改变量","库存改变量"
2016-02-19,95,-468,0,0.103184236235231
2016-02-22,95,-518,0.000798266882269694,0
2016-02-23,87.5,-633,0,0
2016-02-24,85,-661,0,0
2016-02-25,85,-692,0,0
2016-02-26,85,-805,0,-0.0606246218164346
2016-02-29,85,-1145,-0.00070996564446002,0
2016-03-01,80,-1036,0,0
2016-03-02,80,-1276,0,0
2016-03-03,80,-1134,0,0
2016-03-04,77.5,-1099,0,0
2016-03-07,75,-1014,-0.000656687094927833,0
2016-03-08,75,-1251,0,0
2016-03-09,70,-1283,0,0
2016-03-10,70,-1499,0,0
2016-03-11,67.5,-1368,0,0.0606246218164346
2016-03-14,65,-1289,5.85817174307834e-05,0
2016-03-15,65,-1439,0,0
2016-03-16,65,-1469,0,0
2016-03-17,60,-1453,0,0
2016-03-21,60,-1506,0.000174764404584415,-0.0198026272961798
2016-03-22,55,-1467,0,0
2016-03-23,55,-1229,0,0
2016-03-24,50,-1188,0,0
2016-03-29,50,-1113,0.000235211554675985,0.0392207131532816
2016-03-30,52.5,-845,0,0
2016-03-31,52.5,-779,0,0
2016-04-01,52.5,-750,0,0.0190481949706944
2016-04-05,52.5,-471,-0.000468557676691184,0
2016-04-06,55,-437,0,0
2016-04-07,55,-308,0,0
2016-04-08,55,-201,0,0.0370412716803492
2016-04-11,55,-188,0.000106596959398964,0
2016-04-12,55,-202,0,0
2016-04-13,55,-450,0,0
2016-04-14,55,-553,0,0
2016-04-15,55,-528,0,-0.0755075525081454
2016-04-18,55,-375,-0.00123183965150275,0
2016-04-19,50,-546,0,0
2016-04-20,50,-745,0,0
2016-04-21,50,-954,0,0
2016-04-22,50,-889,0,0.0571584138399488
2016-04-25,50,-1043,0.00139987484518844,0
2016-04-26,50,-856,0,0
2016-04-27,50,-859,0,0
2016-04-28,50,-1027,0,0
2016-04-29,50,-894,0,0.0183491386681967
2016-05-03,50,-1033,-0.00072803624571538,0
2016-05-04,50,-828,0,0
2016-05-04,50,-828,0,0
2016-05-05,50,-761,0,0
2016-05-06,50,-731,0,0.0870113769896292
2016-05-09,50,-745,-0.000113383151577828,0
2016-05-10,50,-801,0,0
2016-05-11,50,-760,0,0
2016-05-12,50,-688,0,0
2016-05-13,50,-821,0,0.0487901641694322
2016-05-16,50,-652,-0.000271018599108608,0
2016-05-17,45,-611,0,0
2016-05-18,45,-473,0,0
2016-05-19,50,-448,0,0
2016-05-20,50,-601,0,0.0157483569681389
2016-05-23,45,-505,-0.000398011486058891,0
2016-05-24,45,-577,0,0
2016-05-25,45,-656,0,0
2016-05-26,45,-732,0,0
2016-05-27,45,-737,0,0.0307716586667537
2016-05-31,45,-945,-0.000490521877011041,0
2016-06-01,45,-929,0,0
2016-06-02,40,-715,0,0
2016-06-06,40,-606,0.000235672892888061,-0.0465200156348926
2016-06-07,40,-413,0,0
2016-06-08,40,-160,0,-0.0160003413464409
2016-06-16,50,-313,0.000375038229445401,0
2016-06-17,50,-150,0,-0.0327898228229913
2016-06-20,50,-96,-0.000446215208147471,0
2016-06-21,50,-188,0,0
2016-06-22,50,-409,0,0
2016-06-23,50,-438,0,0
2016-06-24,45,-722,0,-0.0339015516756813
2016-06-27,45,-406,0.000515437657400142,0
2016-06-28,45,-522,0,0
2016-06-29,45,-566,0,0
2016-06-30,45,-740,0,0
2016-07-01,45,-661,0,-0.0173917427118688
2016-07-04,45,-712,-0.000227875304158687,0
2016-07-05,45,-753,0,0
2016-07-06,45,-750,0,0
2016-07-07,45,-499,0,0
2016-07-08,45,-522,0,0.0344861760711694
2016-07-11,45,-558,-0.000433779607329932,0
2016-07-12,45,-603,0,0
2016-07-13,45,-655,0,0
2016-07-14,45,-698,0,0
2016-07-15,45,-787,0,0.0414997309067529
2016-07-18,45,-820,0.000386659669288747,0
2016-07-19,45,-850,0,0
2016-07-20,45,-869,0,0
2016-07-21,45,-941,0,0
2016-07-25,45,-985,-0.000486715373461344,0.02409755157906
2016-07-26,45,-994,0,0
2016-07-27,45,-911,0,0
2016-07-28,45,-795,0,0
2016-07-29,45,-804,0,0.0312525435041042
2016-08-01,45,-794,-0.000547597441997283,0
2016-08-02,45,-622,0,0
2016-08-03,45,-532,0,0
2016-08-04,45,-461,0,0
2016-08-05,45,-429,0,-0.0155041865359653
2016-08-08,45,-444,-4.52455364632343e-05,0
2016-08-09,45,-457,0,0
2016-08-10,45,-396,0,0
2016-08-11,45,-510,0,0
2016-08-12,45,-589,0,-0.0480092191863601
2016-08-15,45,-382,0.000174232211548997,0
2016-08-16,45,-395,0,0
2016-08-17,45,-482,0,0
2016-08-18,45,-419,0,0
2016-08-19,45,-506,0,-0.0333364202675916
2016-08-22,45,-580,-0.000250287832312068,0
2016-08-23,45,-445,0,0
2016-08-24,45,-321,0,0
2016-08-25,45,-282,0,0
2016-08-26,45,-318,0,-0.0344861760711694
2016-08-30,45,-284,3.85098980109078e-05,0
2016-08-31,45,-237,0,0
2016-09-01,45,-211,0,0
2016-09-02,48,-100,0,-0.0357180826020791
2016-09-05,48,-112,-0.000370719339377601,0
2016-09-06,50,-8,0,0
2016-09-07,50,-85,0,0
2016-09-08,50,-57,0,0
2016-09-09,55,-108,0,-0.0370412716803492
2016-09-12,55,-9,-7.41603626686071e-05,0
2016-09-13,55,-146,0,0
2016-09-14,55,-84,0,-0.0190481949706944
2016-09-21,60,-307,0.000397704872600713,0
2016-09-22,60,-221,0,0
2016-09-23,62.5,-429,0,-0.0194180858571018
2016-09-26,62.5,-416,6.93173492942734e-05,0
2016-09-27,62.5,-396,0,0
2016-09-28,62.5,-319,0,0
2016-09-29,62.5,-473,0,0
2016-09-30,62.5,-379,0,-0.0400053346136993
2016-10-10,65,-344,0.000423501652692337,0
2016-10-11,65,-392,0,0
2016-10-12,70,-445,0,0
2016-10-13,72.5,-265,0,0
2016-10-14,75,-113,0,0.0594234204708011
2016-10-17,75,-76,-0.00123443016206881,0
2016-10-18,75,-182,0,0
2016-10-19,75,-90,0,0
2016-10-20,80,-42,0,0
2016-10-21,82.5,-86,0,-0.0392207131532816
2016-10-25,90,472,0.000133915948191898,0
2016-10-26,90,-28,0,0
2016-10-27,90,-309,0,0
2016-10-28,85,-377,0,-0.0618754037180875
2016-10-31,85,-575,0.000227327020529522,0
2016-11-01,85,-561,0,0
2016-11-02,85,-558,0,0
2016-11-03,85,-645,0,0
2016-11-04,85,-621,0,0.0538432320208235
2016-11-07,85,-640,4.04510874174591e-05,0
2016-11-08,85,-748,0,0
2016-11-09,85,-490,0,0
2016-11-11,80,-329,0,-0.0152364552420901
2016-11-14,80,-109,-0.000182042780556557,0
2016-11-15,80,-144,0,0
2016-11-16,75,-700,0,0
2016-11-17,75,-635,0,0
2016-11-18,75,-569,0,-0.0227753115620528
2016-11-21,75,-652,0.000801125470009545,0
2016-11-22,75,-459,0,0
2016-11-23,70,-307,0,0
2016-11-24,70,-247,0,0
2016-11-25,70,-182,0,-0.00209643682652816
2016-11-28,70,-65,-0.000477516767889874,0
2016-11-29,70,-200,0,0
2016-11-30,67.5,-611,0,0
2016-12-01,67.5,-588,0,0
2016-12-02,67.5,-635,0,-0.0126717640688225
2016-12-05,65,-706,1.92591208794113e-05,0
2016-12-06,65,-703,0,0
2016-12-07,65,-382,0,0
2016-12-08,63,-388,0,0
2016-12-09,63,-692,0,-0.0280190743098583
2016-12-12,63,-579,0.000968255541092589,0
2016-12-13,63,-327,0,0
2016-12-14,65,-373,0,0
2016-12-15,65,-563,0,0
2016-12-16,65,-633,0,0.0173352120015458
2016-12-19,65,-464,0.000951941455374694,0
2016-12-20,65,-710,0,0
2016-12-21,63,-673,0,0
2016-12-22,63,-553,0,0
2016-12-23,63,-692,0,-0.00646553976464181
2016-12-28,63,-582,0.00131680004966128,0
2016-12-29,63,-434,0,0
2016-12-30,63,-376,0,-0.0240711840954395
2017-01-03,63,-256,0.000182351976288686,0
2017-01-04,63,-443,0,0
2017-01-05,57.5,-606,0,0
2017-01-06,57.5,-456,0,-0.00889883514212997
2017-01-09,57.5,-532,-0.000607649198730797,0
2017-01-10,57.5,-373,0,0
2017-01-11,57.5,-389,0,0
2017-01-12,57.5,-199,0,0
2017-01-13,57.5,-397,0,0.0111112254250707
2017-01-16,57.5,-229,0.00108448638609904,0
2017-01-17,57.5,-421,0,0
2017-01-18,57.5,-540,0,0
2017-01-19,57.5,-252,0,0
2017-01-20,57.5,-254,0,-0.00442968609158845
2017-01-23,57.5,-428,-0.000752297469320595,0
2017-01-24,57.5,-369,0,0
2017-01-25,57.5,-751,0,0
2017-02-03,57.5,-654,0.000215959607754002,0.0348999432390058
2017-02-06,57.5,-727,0.00125931494764586,0.0460814511954393
2017-02-07,57.5,-798,0,0
2017-02-08,57.5,-735,0,0
2017-02-09,57.5,-611,0,0
2017-02-10,57.5,-601,0,0.0749118600911927
2017-02-13,57.5,-715,-0.000845762511987758,0
2017-02-14,57.5,-655,0,0
2017-02-15,57.5,-723,0,0
2017-02-16,54.5,-386,0,0
2017-02-17,54.5,-283,0,0.0643604426044679
2017-02-20,54.5,-375,0.000113193357398345,0
2017-02-21,52.5,-588,0,0
2017-02-22,52.5,-613,0,0
2017-02-23,52.5,-556,0,0
2017-02-24,52.5,-481,0,0.0352571180842771
2017-02-27,52.5,-492,-4.79606875902761e-06,0
2017-02-28,50,-587,0,0
2017-03-01,50,-744,0,0
2017-03-02,50,-651,0,0
2017-03-03,50,-579,0,0.025545582265261
2017-03-06,48,-425,6.1387943043556e-05,0
2017-03-07,48,-417,0,0
2017-03-08,46.5,-167,0,0
2017-03-09,45,-227,0,0
2017-03-10,45,-222,0,0.0248274917204832
2017-03-13,45,-388,0.000475628826703378,0
2017-03-14,45,-353,0,0
2017-03-15,43,-287,0,0
2017-03-16,43,-393,0,0
2017-03-17,43,-409,0,0.0561043282523812
2017-03-20,43,-475,7.28586274520993e-05,0
2017-03-21,43,-344,0,0
2017-03-22,43,-239,0,0
2017-03-23,43,-344,0,0
2017-03-24,43,-407,0,0.0224659865171128
2017-03-27,43,-447,0.000301923253402947,0
2017-03-28,43,-575,0,0
2017-03-29,43,-581,0,0
2017-03-30,43,-723,0,0
2017-03-31,43,-634,0,-0.0229297725654662
2017-04-05,42.5,-279,0.000632305666119493,0
2017-04-06,42.5,-236,0,0
2017-04-07,45,-242,0,-0.00776160369607748
2017-04-10,45,-113,-0.00060547245465159,0
2017-04-11,45,-127,0,0
2017-04-12,45,-218,0,0
2017-04-13,45,-163,0,0
2017-04-18,45,-200,-0.000316294336559331,0.00776160369607748
2017-04-19,49,12,0,0
2017-04-20,50,198,0,0
2017-04-21,50,60,0,0.0153447847443795
2017-04-24,52,-78,0.000219499723630889,0
2017-04-25,47.5,-50,0,0
2017-04-26,52.5,-226,0,0
2017-04-27,52.5,-308,0,0
2017-04-28,52.5,-307,0,-0.0137996670080556
2017-05-02,52.5,-293,0.000480047611543633,0
2017-05-03,52.5,-234,0,0
2017-05-04,52.5,39,0,0
2017-05-05,52.5,-2,0,-0.0124283097327798
2017-05-08,55.5,-151,-0.00028742597781406,0
2017-05-09,55.5,-95,0,0
2017-05-10,55.5,-119,0,0
2017-05-11,57.5,-146,0,0
2017-05-12,57.5,-251,0,-0.0110029403032526
2017-05-15,57.5,-316,0.000206955031135436,0
2017-05-16,60,-328,0,0
2017-05-17,61.5,-419,0,0
2017-05-18,61.5,-437,0,0
2017-05-19,62.5,-426,0,-0.0256136941553917
2017-05-22,62.5,-545,0.000318971783280553,0
2017-05-23,61.5,-644,0,0
2017-05-24,61.5,-623,0,0
2017-05-25,61.5,-631,0,0
2017-05-26,61.5,-600,0,-0.0130571464975686
2017-05-31,61.5,-421,9.57674613548676e-05,0
2017-06-01,61.5,-421,0,0
2017-06-02,61.5,-364,0,0.0098088084130854
2017-06-05,61.5,-328,0.000246080310555286,0
2017-06-06,61.5,-244,0,0
2017-06-07,61.5,-158,0,0
2017-06-08,61.5,-173,0,0
2017-06-09,61.5,-399,0,-0.0180569581105834
2017-06-12,61.5,-464,0.000740747863786417,0
2017-06-13,61.5,-478,0,0
2017-06-14,61.5,-365,0,0
2017-06-15,61.5,-214,0,0
2017-06-16,61.5,-298,0,-0.0703307593631477
2017-06-19,61.5,-317,0.000560459859539897,0
2017-06-20,61.5,-488,0,0
2017-06-21,61.5,-416,0,0
2017-06-22,61.5,-519,0,0
2017-06-23,61.5,-696,0,-0.0107201312497711
2017-06-26,61.5,-626,0.000230405165154934,0
2017-06-27,61.5,-557,0,0
2017-06-28,61.5,-521,0,0
2017-06-29,61.5,-430,0,0
2017-06-30,61.5,-525,0,0.00537443070785226
2017-07-03,61.5,-612,0.000632624121018388,0
2017-07-04,61.5,-501,0,0
2017-07-05,61.5,-331,0,0
2017-07-06,62.5,-269,0,0
2017-07-07,62.5,-205,0,-0.0162107296288783
2017-07-10,62.5,-264,-0.000398449206580942,0
2017-07-11,62.5,-218,0,0
2017-07-12,65,-275,0,0
2017-07-13,65,-429,0,0
2017-07-14,65,-237,0,0.0126309871270722
2017-07-17,65,-330,-0.000282928425775708,0
2017-07-18,65,-365,0,0
2017-07-19,65,-298,0,0
2017-07-20,67,-158,0,0
2017-07-21,67,-151,0,-0.0162693393305782
2017-07-24,67,-230,0.000389005951344501,0
2017-07-25,67,-430,0,0
2017-07-26,67,-530,0,0
2017-07-27,67,-482,0,0
2017-07-28,67,-597,0,-0.0221125648821467
2017-07-31,67,-547,-0.000269516277261239,0
2017-08-01,67,-445,0,0
2017-08-02,67,-490,0,0
2017-08-03,67,-436,0,0
2017-08-04,67,-441,0,-0.0258578151178601
2017-08-07,67,-493,-6.21328486527517e-05,0
2017-08-08,67,-427,0,0
2017-08-09,65,-499,0,0
2017-08-10,65,-389,0,0
2017-08-11,63,-440,0,-0.037600611313318
2017-08-14,63,-560,-8.79484775442307e-05,0
2017-08-15,60,-509,0,0
2017-08-16,60,-425,0,0
2017-08-17,60,-462,0,0
2017-08-18,60,-391,0,-0.0180293345179421
2017-08-21,60,-314,0.000244707017142964,0
2017-08-22,60,-277,0,0
2017-08-23,60,-265,0,0
2017-08-24,60,-359,0,0
2017-08-25,60,-565,0,-0.00608274381576912
2017-08-29,60,-469,-0.000211247445623286,0
2017-08-30,60,-458,0,0
2017-08-31,57,-344,0,0
2017-09-01,57,-290,0,0.0260954189283229
2017-09-04,57.5,-241,1.24275557151776e-05,0
2017-09-05,57.5,-105,0,0
2017-09-06,57.5,-123,0,0
2017-09-07,57.5,-209,0,0
2017-09-08,57.5,-262,0,0.0196200133124922
2017-09-11,56,-328,0.000366065625412304,0
2017-09-12,56,-506,0,0
2017-09-13,56,-156,0,0
2017-09-14,55,17,0,0
2017-09-15,55,25,0,0.00581171724914675
2017-09-18,55,77,-0.000350770384240029,0
2017-09-19,57.5,43,0,0
2017-09-20,57.5,81,0,0
2017-09-21,57.5,80,0,0
2017-09-22,57.5,-41,0,-0.0175374720791361
2017-09-25,57.5,-1,0.000902960481586668,0
2017-09-26,57.5,99,0,0
2017-09-27,57.5,230,0,0
2017-09-28,57.5,164,0,0
2017-09-29,57.5,103,0,0.00490245123460564
2017-10-09,60,258,-0.000270324873874905,0
2017-10-10,60,221,0,0
2017-10-11,65.5,575,0,0
2017-10-12,65.5,602,0,0
2017-10-13,68.5,300,0,0.0126350208445305
2017-10-16,69,200,-3.05713693418141e-05,0
2017-10-17,69,-28,0,0
2017-10-18,69,119,0,0
2017-10-19,69,249,0,0
2017-10-20,69,309,0,-0.0333888045719566
2017-10-23,69,343,0.000172907001779521,0
2017-10-24,69,410,0,0
2017-10-25,69,314,0,0
2017-10-26,69,163,0,0
2017-10-27,69,-107,0,-0.0161066497859816
2017-10-30,69,28,5.25348795896718e-05,0
2017-10-31,69,-36,0,0
2017-11-01,69,109,0,0
2017-11-02,69,156,0,0
2017-11-03,69,230,0,-0.0393262596202115
2017-11-06,69,78,0.000104106425514061,0
2017-11-07,69,31,0,0
2017-11-08,69,13,0,0
2017-11-09,69,-67,0,0
2017-11-10,70,-123,0,-0.0106113050010452
2017-11-13,70,-144,0.000354262686141915,0
2017-11-14,70,-186,0,0
2017-11-15,70,-31,0,0
2017-11-16,70,-70,0,0
2017-11-17,73,-217,0,-0.0391609752320581
2017-11-20,73,-224,-0.000207195014692907,0
2017-11-21,73,-358,0,0
2017-11-22,73,-355,0,0
2017-11-23,73,-296,0,0
2017-11-24,73,-298,0,-0.00667856444968251
2017-11-27,73,-394,0.000170915117189807,0
2017-11-28,73,-363,0,0
2017-11-29,73,-216,0,0
2017-11-30,73,-161,0,0
2017-12-01,73,-186,0,-0.0157589933989786
2017-12-04,73,-193,0.000298792565247119,0
2017-12-05,71.5,-124,0,0
2017-12-06,73,39,0,0
2017-12-07,73,16,0,0
2017-12-08,73,3,0,-0.00454856367577339
2017-12-11,73,-64,0.000868187289127853,0
2017-12-12,73,-141,0,0
2017-12-13,73,-136,0,0
2017-12-14,73,-265,0,0
2017-12-15,73,-397,0,0.00681511043031291
2017-12-18,73,-405,-0.000201237851897851,0
2017-12-19,73,-607,0,0
2017-12-20,73,-683,0,0
2017-12-21,73,-635,0,0
2017-12-22,73,-710,0,0.0157235943794567
2017-12-27,71.5,-878,0.00034618031380873,0
2017-12-28,71.5,-871,0,0
2017-12-29,71.5,-801,0,0.0176722072090159
2018-01-02,71.5,-627,0.00130258539178385,0
2018-01-03,71.5,-597,0,0
2018-01-04,71.5,-413,0,0
2018-01-05,68.5,-374,0,-0.0176722072090159
2018-01-08,68.5,-222,-0.0012587253662808,0
2018-01-09,68.5,-204,0,0
2018-01-10,68.5,-240,0,0
2018-01-11,67.5,-348,0,0
2018-01-12,67.5,-345,0,0.00444741671466486
2018-01-15,67.5,-236,0.000172560991442694,0
2018-01-16,67.5,-339,0,0
2018-01-17,67.5,-169,0,0
2018-01-18,67.5,-120,0,0
2018-01-19,66.5,-144,0,0.00883593113436243
2018-01-22,66.5,-40,-0.000640818438592206,0
2018-01-23,66.5,-75,0,0
2018-01-24,66.5,166,0,0
2018-01-25,66.5,73,0,0
2018-01-26,66.5,121,0,-0.0244892024461012
2018-01-29,66.5,13,0.000366232246836518,0
2018-01-30,67.5,57,0,0
2018-01-31,67.5,-10,0,0
2018-02-01,67.5,-81,0,0
2018-02-02,67.5,80,0,0.0178695842756946
2018-02-05,67.5,103,0.000422335751754765,0
2018-02-06,67.5,100,0,0
2018-02-07,67.5,61,0,0
2018-02-08,67.5,251,0,0
2018-02-09,67.5,208,0,0.066377100005889
2018-02-12,67.5,290,0.000234448042718327,0
2018-02-13,67.5,88,0,0
2018-02-14,67.5,-194,0,0
2018-02-22,68.5,-320,0.000138165176211125,0
2018-02-23,68.5,-427,0,0.04654826541949
2018-02-26,74,-329,-0.000107671909503892,0
2018-02-27,74,-161,0,0
2018-02-28,74,-121,0,0
2018-03-01,76,-53,0,0
2018-03-02,76,-83,0,-0.130794949701074
2018-03-05,76,-109,-0.000170583658594126,0
2018-03-06,76,-231,0,0
2018-03-07,76,-226,0,0
2018-03-08,76,-194,0,0
2018-03-09,78.5,-210,0,0.0675343671724087
2018-03-12,78.5,-427,-0.000180145060151737,0
2018-03-13,78.5,-399,0,0
2018-03-14,78.5,-503,0,0
2018-03-15,76.5,-475,0,0
2018-03-16,76.5,-412,0,-0.0105888325243231
2018-03-19,76.5,-441,0.000155365125035445,0
2018-03-20,76.5,-321,0,0
2018-03-21,76.5,-234,0,0
2018-03-22,76.5,-216,0,0
2018-03-23,76.5,-190,0,-0.0107021569420169
2018-03-26,76.5,-293,-0.000101985427609641,0
2018-03-27,76,-163,0,0
2018-03-28,76,-242,0,0
2018-03-29,75,-294,0,0
2018-04-03,75,-57,0.000395492910822526,-0.0350375231089948
2018-04-04,75,-82,0,0
2018-04-09,75,-78,-0.000518461135130543,-0.0112058545970739
2018-04-10,75,-166,0,0
2018-04-11,76,-354,0,0
2018-04-12,76,-402,0,0
2018-04-13,76,-269,0,0.0332477432182623
2018-04-16,76,-243,-0.000325128373746431,0
2018-04-17,76,-327,0,0
2018-04-18,76,-135,0,0
2018-04-19,76,-73,0,0
2018-04-20,76,-231,0,-0.0265091732450529
2018-04-23,76,-254,9.44029988430017e-05,0
2018-04-24,76,-171,0,0
2018-04-25,76,-216,0,0
2018-04-26,76,-405,0,0
2018-04-27,76,-241,0,-0.0135228565101317
2018-05-02,76,-149,-0.000344280207431602,0
2018-05-03,76,-138,0,0
2018-05-04,77.5,-238,0,-0.00843117675235128
2018-05-08,77.5,-147,-2.86155100859276e-06,0
2018-05-09,77.5,-99,0,0
2018-05-10,77.5,-140,0,0
2018-05-11,77.5,-294,0,0.0512932943875506
2018-05-14,77.5,-299,0.000463464510348288,0
2018-05-15,77.5,-270,0,0
2018-05-16,77.5,-173,0,0
2018-05-17,77.5,-233,0,0
2018-05-18,77.5,-331,0,-0.0197591499804624
2018-05-21,77.5,-236,-0.000528328529632027,0
2018-05-22,77.5,-205,0,0
2018-05-23,77.5,-344,0,0
2018-05-24,77.5,-281,0,0
2018-05-25,77.5,-355,0,0.0455116460828768
2018-05-29,77.5,-343,-0.00045034859841131,0
2018-05-30,77.5,-390,0,0
2018-05-31,77.5,-503,0,0
2018-06-01,77.5,-453,0,0.0230376680670172
2018-06-04,77.5,-484,0.000207071047579888,0
2018-06-05,77.5,-768,0,0
2018-06-06,76.5,-907,0,0
2018-06-07,76,-938,0,0
2018-06-08,76,-1069,0,-0.0104059211611167
2018-06-11,76,-1278,-0.00019180167193511,0
2018-06-12,76,-1043,0,0
2018-06-13,76,-939,0,0
2018-06-14,76,-958,0,0
2018-06-15,76,-862,0,0.0247946586132164
2018-06-19,76,-705,0.000168901913716546,0
2018-06-20,73,-557,0,0
2018-06-21,73,-534,0,0
2018-06-22,73,-616,0,0.0182007046468464
2018-06-25,73,-738,0.00035202584557581,0
2018-06-26,73,-702,0,0
2018-06-27,73,-877,0,0
2018-06-28,71,-770,0,0
2018-06-29,71,-738,0,0.00798407434822046
2018-07-02,71,-607,-0.000394964305703738,0
2018-07-03,71,-573,0,0
2018-07-04,69,-457,0,0
2018-07-05,69,-523,0,0
2018-07-06,69,-403,0,0.0196856750710306
2018-07-09,69,-426,0.000148845446224399,0
2018-07-10,68,-317,0,0
2018-07-11,67,-376,0,0
2018-07-12,67,-249,0,0
2018-07-13,67,-249,0,-0.0157174158954096
2018-07-16,67,-199,-0.000466647366685891,0
2018-07-17,67,-160,0,0
2018-07-18,67,-10,0,0
2018-07-19,68,-29,0,0
2018-07-23,68,11,-0.000396200868518548,-0.0159684031787313
2018-07-24,69,-29,0,0
2018-07-25,69,-202,0,0
2018-07-26,73,-378,0,0
2018-07-27,73,-389,0,-0.0162275366217566
2018-07-30,73,-338,-0.000251167620371362,0
2018-07-31,73,-307,0,0
2018-08-01,73,-326,0,0
2018-08-02,75,-95,0,0
2018-08-03,75,-90,0,0.0202436062766465
2018-08-06,75,-101,-0.000135637645194642,0
2018-08-07,75,42,0,0
2018-08-08,75,-19,0,0
2018-08-09,75,-97,0,0
2018-08-10,75,-85,0,-0.0100705785635959
2018-08-13,75,57,8.78800094561427e-05,0
2018-08-14,78.5,18,0,0
2018-08-15,78.5,177,0,0
2018-08-16,79,249,0,0
2018-08-17,80,271,0,-0.0308349197770075
2018-08-20,80,423,-0.000618189603240005,0
2018-08-21,83,414,0,0
2018-08-22,85,197,0,0
2018-08-23,85,215,0,0
2018-08-24,85,54,0,-0.0383025544142668
2018-08-28,85,-186,0.000252290444977099,0
2018-08-29,83,-91,0,0
2018-08-30,83,-86,0,0
2018-08-31,83,-23,0,-0.0557557996476139
2018-09-03,83,92,-0.000588776747329156,0
2018-09-04,83,375,0,0
2018-09-05,83,567,0,0
2018-09-06,85,478,0,0
2018-09-07,87.5,431,0,-0.0302700643027567
2018-09-10,87.5,304,-0.000316515161184583,0
2018-09-11,88,272,0,0
2018-09-12,88,347,0,0
2018-09-13,90,269,0,0
2018-09-14,90,279,0,-0.0239245860852453
2018-09-17,90,488,-4.87771053752084e-05,0
2018-09-18,106,823,0,0
2018-09-19,110,511,0,0
2018-09-20,115,470,0,0
2018-09-21,115,173,0,-0.0146344075184373
2018-09-25,115,-170,-0.000281232066134507,0
2018-09-26,115,-408,0,0
2018-09-27,115,-417,0,0
2018-09-28,115,-286,0,-0.0478078458193218
2018-10-08,115,-22,-0.000949503161528753,0
2018-10-09,115,-382,0,0
2018-10-10,115,-565,0,0
2018-10-11,115,-491,0,0
2018-10-12,110,-605,0,0.081627494059108
2018-10-15,105,-645,0.000503578674225125,0
2018-10-16,105,-892,0,0
2018-10-17,105,-573,0,0
2018-10-18,105,-691,0,0
2018-10-19,105,-583,0,-0.061218622427901
2018-10-22,105,-849,-0.000379096472146401,0
2018-10-23,105,-852,0,0
2018-10-24,100,-843,0,0
2018-10-25,97.5,-1031,0,0
2018-10-26,97.5,-1138,0,-0.0050633019565467
2018-10-29,97.5,-1492,0.000360910781890489,0
2018-10-30,97.5,-1212,0,0
2018-10-31,97.5,-1012,0,0
2018-11-01,95.5,-1108,0,0
2018-11-02,95.5,-966,0,0.0275361578086053
2018-11-05,95.5,-1499,-0.000382933427873766,0
2018-11-06,95.5,-1230,0,0
2018-11-07,92.5,-1177,0,0
2018-11-08,92.5,-1048,0,0
2018-11-09,92.5,-1035,0,0.0243914531241591
2018-11-12,92.5,-1059,0.000403990512674923,0
2018-11-13,92.5,-1157,0,0
2018-11-14,87.5,-921,0,0
2018-11-15,87.5,-1337,0,0
2018-11-16,85,-1348,0,0.011976191046716
2018-11-19,85,-1369,-0.000808144299647928,0
2018-11-20,85,-1557,0,0
2018-11-21,83,-1470,0,0
2018-11-22,80,-1664,0,0
2018-11-23,80,-1555,0,0.0141846349919565
2018-11-26,75,-1505,0.00012356197582708,0
2018-11-27,75,-1431,0,0
2018-11-28,70,-1429,0,0
2018-11-29,70,-1554,0,0
2018-11-30,70,-1448,0,0.0186051878310343
2018-12-03,63,-1457,-0.00060837888071319,0
2018-12-04,61.5,-845,0,0
2018-12-05,61.5,-551,0,0
2018-12-06,60,-336,0,0
2018-12-07,60,-345,0,0.00688866099518526
2018-12-10,61.5,-212,-0.000149516658925819,0
2018-12-11,61.5,-501,0,0
2018-12-12,60,-702,0,0
2018-12-13,60,-765,0,0
2018-12-14,62.5,-749,0,0.0270896926466642
2018-12-17,62.5,-694,0.000381414939030655,0
2018-12-18,62.5,-552,0,0
2018-12-19,62.5,-251,0,0
2018-12-20,62.5,-297,0,0
2018-12-21,62.5,-311,0,0.0110743102990938
2018-12-24,62.5,-121,0.000228970739210688,0
2018-12-27,62.5,-350,0,0
2018-12-28,62.5,-244,0,0.010953012019197
2019-01-02,62.5,-83,-3.73598466945069e-05,0
2019-01-03,62.5,30,0,0
2019-01-04,68,111,0,0.0086768440256888
2019-01-07,69,-41,-8.33462264999696e-05,0
2019-01-08,66.5,-103,0,0
2019-01-09,66.5,-249,0,0
2019-01-10,64.5,-186,0,0
2019-01-11,64.5,-54,0,0.010741241831413
2019-01-14,65,-16,-0.000202167407757692,0
2019-01-15,65.5,20,0,0
2019-01-16,65.5,94,0,0
2019-01-17,65.5,57,0,0
2019-01-18,65.5,-94,0,-0.010741241831413
2019-01-21,65.5,-184,0.000116897987475717,0
2019-01-22,66.5,-78,0,0
2019-01-23,67.5,-83,0,0
2019-01-24,67.5,-146,0,0
2019-01-25,67.5,-104,0,0.0422895995663386
2019-01-28,67.5,-305,-0.000200268014848959,0
2019-01-29,67.5,-277,0,0
2019-01-30,67.5,-391,0,0
2019-01-31,67.5,-640,0,0
2019-02-01,67.5,-789,0,0.0345914447696192
2019-02-11,67.5,-829,-0.00175333807313383,0
2019-02-12,66.5,-938,0,0
2019-02-13,66.5,-904,0,0
2019-02-14,66,-892,0,0
2019-02-15,63.5,-734,0,0.0392207131532816
2019-02-18,63.5,-862,0.00136610339353815,0
2019-02-19,63.5,-1322,0,0
2019-02-20,62.5,-1012,0,0
2019-02-21,62.5,-1071,0,0
2019-02-22,60,-1112,0,-0.0213807950249505
2019-02-25,60,-1252,9.58682693319446e-06,0
2019-02-26,57.5,-1396,0,0
2019-02-27,57.5,-1351,0,0
2019-02-28,56.5,-1389,0,0
2019-03-01,55.5,-1304,0,0.0441954727911216
2019-03-04,55.5,-1219,9.20288626167221e-05,0
2019-03-05,55.5,-1092,0,0
2019-03-06,55.5,-1529,0,0
2019-03-07,53.5,-1084,0,0
2019-03-08,57,-1120,0,0.0441248049089378
2019-03-11,57,-1080,-0.000144757548136809,0
2019-03-12,59,-941,0,0
2019-03-13,59,-1084,0,0
2019-03-14,61,-1268,0,0
2019-03-15,61,-1275,0,0.0474188920999099
2019-03-18,61,-689,-0.00042768442144947,0
2019-03-19,60,-961,0,0
2019-03-20,59,-778,0,0
2019-03-21,56.5,-955,0,0
2019-03-22,56.5,-722,0,0.0270744117649571
2019-03-25,56.5,-576,0.000102622582525136,0
2019-03-26,56.5,-659,0,0
2019-03-27,56.5,-891,0,0
2019-03-28,55.5,-843,0,0
2019-03-29,54,-882,0,0.014913283850718
2019-04-01,54,-820,-4.21986655698703e-05,0
2019-04-02,52.5,-549,0,0
2019-04-03,52.5,-309,0,0
2019-04-04,52.5,-349,0,-0.0249804829684415
2019-04-08,52.5,-227,-0.000580412300887012,0
2019-04-09,52.5,-397,0,0
2019-04-10,52.5,-353,0,0
2019-04-11,52.5,-261,0,0
2019-04-12,52.5,-219,0,0.00839635495290647
2019-04-15,52.5,-445,0.000230286515822797,0
2019-04-16,52.5,-202,0,0
2019-04-17,51.5,-187,0,0
2019-04-18,51.5,-284,0,0
2019-04-23,51.5,-122,4.98884226347585e-05,0.0149380371088661
2019-04-24,51.5,-65,0,0
2019-04-25,50.5,-227,0,0
2019-04-26,50.5,-198,0,-0.025022156175492
2019-04-29,50.5,-341,2.97399909356955e-05,0
2019-04-30,49.5,-417,0,0
2019-05-07,49.5,-96,4.89251574693483e-05,0
2019-05-08,50.5,-39,0,0
2019-05-09,50.5,88,0,0
2019-05-10,51.5,21,0,-0.0222041573110108
2019-05-13,51.5,-4,-0.000233135457072819,0
2019-05-14,48,96,0,0
2019-05-15,48,270,0,0
2019-05-16,48,276,0,0
2019-05-17,48,184,0,-0.0369435151916848
2019-05-20,48,125,-0.000159292511285436,0
2019-05-21,48,112,0,0
2019-05-22,48,291,0,0
2019-05-23,50,316,0,0
2019-05-24,52,222,0,-0.0272496424473752
2019-05-28,52,38,-0.000126684447446124,0
2019-05-29,55.5,72,0,0
2019-05-30,56,218,0,0
2019-05-31,56,152,0,-0.0337110573423116
2019-06-03,56,127,-0.000118061318114648,0
2019-06-04,60.5,97,0,0
2019-06-05,59.5,29,0,0
2019-06-06,59.5,108,0,-0.0211749971364585
2019-06-10,60.5,67,-0.000237124591842885,0
2019-06-11,61,-83,0,0
2019-06-12,61,-7,0,0
2019-06-13,61,9,0,0
2019-06-14,61.5,-61,0,-0.0216330953554262
2019-06-17,61.5,-117,0.000418530139798534,0
2019-06-18,61.5,-73,0,0
2019-06-19,61.5,-200,0,0
2019-06-20,61.5,-157,0,0
2019-06-21,61.5,-235,0,-0.0343815461992452
2019-06-24,61.5,-210,0.000108443684485593,0
2019-06-25,61.5,-150,0,0
2019-06-26,61,-241,0,0
2019-06-27,59.5,-250,0,0
2019-06-28,59.5,-183,0,-0.027113235408561
2019-07-01,59.5,-213,-0.000309047512275562,0
2019-07-02,58.5,-165,0,0
2019-07-03,58.5,-57,0,0
2019-07-04,59.5,-105,0,0
2019-07-05,60,-109,0,-0.0723206615796261
2019-07-08,60,-43,-0.000261133204379149,0
2019-07-09,60,-63,0,0
2019-07-10,60,-66,0,0
2019-07-11,59.5,-162,0,0
2019-07-12,59,-222,0,-0.0323353806429361
2019-07-15,60,-311,-0.000336117348451737,0
2019-07-16,60,-218,0,0
2019-07-17,62.5,-160,0,0
2019-07-18,62.5,-194,0,0
2019-07-19,62.5,-180,0,-0.0358461317731358
2019-07-22,62.5,-308,-0.000297798312050901,0
2019-07-23,62.5,-194,0,0
2019-07-24,62.5,-139,0,0
2019-07-25,62.5,-200,0,0
2019-07-26,60.5,-186,0,-0.0147061473896959
2019-07-29,60.5,-124,0.000289153804458486,0
2019-07-30,61.5,-206,0,0
2019-07-31,61,-203,0,0
2019-08-01,61,-108,0,0
2019-08-02,62.5,118,0,-0.0224728558520586
2019-08-05,66,542,-0.000397728151329879,0
2019-08-06,66.5,120,0,0
2019-08-07,68,155,0,0
2019-08-08,68,17,0,0
2019-08-09,69,17,0,-0.0152674721307884
2019-08-12,69,-1,7.11031168449949e-05,0
2019-08-13,68,37,0,0
2019-08-14,68,-132,0,0
2019-08-15,68,-224,0,0
2019-08-16,68,-31,0,-0.0155041865359653
2019-08-19,68,-16,-0.000343071143539042,0
2019-08-20,68,-42,0,0
2019-08-21,70,77,0,0
2019-08-22,72.5,58,0,0
2019-08-23,71.5,-11,0,-0.0371395469494566
2019-08-27,73,60,0.000368052119566364,0
2019-08-28,73,-125,0,0
2019-08-29,72,-198,0,0
2019-08-30,71.5,-223,0,-0.0301806171499912
2019-09-02,71.5,-116,-0.000567990985079092,0
2019-09-03,73,-24,0,0
2019-09-04,73,0,0,0
2019-09-05,73,-208,0,0
2019-09-06,72,-335,0,-0.063239458135917
2019-09-09,72.5,-172,-6.7294071728341e-06,0
2019-09-10,74,-168,0,0
2019-09-11,74,-60,0,0
2019-09-12,73,36,0,-0.0580315475721851
2019-09-16,73,-64,-0.000483674551272628,0
2019-09-17,72,34,0,0
2019-09-18,72,121,0,0
2019-09-19,80,215,0,0
2019-09-20,80,85,0,-0.0352036351929796
2019-09-23,80,65,6.92480812789498e-05,0
2019-09-24,78,-13,0,0
2019-09-25,77,-75,0,0
2019-09-26,77,-116,0,0
2019-09-27,77,-197,0,0
2019-09-30,77,-112,8.46300321715177e-05,-0.0432679802485154
2019-10-08,77,7,-0.00132605211049608,0
2019-10-09,79,-10,0,0
2019-10-10,80,75,0,0
2019-10-11,80,-28,0,-0.041672696400568
2019-10-14,80,-1,0.00129335499255134,0
2019-10-15,79,-193,0,0
2019-10-16,79,-91,0,0
2019-10-17,80,-14,0,0
2019-10-18,80,35,0,-0.0471956913362748
2019-10-21,80,-166,-0.000150035778044177,0
2019-10-22,80,-259,0,0
2019-10-23,79,-155,0,0
2019-10-24,77,-351,0,0
2019-10-25,75,-481,0,-0.0534478344434128
2019-10-28,74,-401,0.000692285087560585,0
2019-10-29,74,-453,0,0
2019-10-30,73,-461,0,0
2019-10-31,73,-427,0,0
2019-11-01,73,-252,0,-0.0318752085304488
2019-11-04,73,-235,-0.000891405782773802,0
2019-11-05,71,-256,0,0
2019-11-06,71,-291,0,0
2019-11-07,70,-286,0,0
2019-11-08,68,-426,0,-0.0308349197770075
2019-11-11,68,-344,0.000253944070182754,0
2019-11-12,67,-174,0,0
2019-11-13,65,-84,0,0
2019-11-14,65,-22,0,0
2019-11-15,67,-45,0,-0.0713816453908511
2019-11-18,67,-41,-0.000476198043887877,0
2019-11-19,67,87,0,0
2019-11-20,67,-84,0,0
2019-11-21,66,-172,0,0
2019-11-22,66,-89,0,0.0265502320941211
2019-11-25,66,-241,0.000289593911507957,0
2019-11-26,66,-234,0,0
2019-11-27,64,-360,0,0
2019-11-28,64,-407,0,0
2019-11-29,64,-197,0,-0.0310446216819602
2019-12-02,62,-216,0.000588550403922916,0
2019-12-03,61,-214,0,0
2019-12-04,60,-104,0,0
2019-12-05,60,-138,0,0
2019-12-06,59,-170,0,0.0156427770704535
2019-12-09,59,-306,-0.000277883414792512,0
2019-12-10,58,-409,0,0
2019-12-11,55,-472,0,0
2019-12-12,54,-467,0,0
2019-12-16,51,-433,8.94311171837359e-05,-0.013393057336438
2019-12-17,50,-503,0,0
2019-12-18,48,-482,0,0
2019-12-19,46,-538,0,0
2019-12-20,43,-721,0,-0.0135748690910691
2019-12-23,43,-627,0.000144226886448884,0
2019-12-24,43,-633,0,0
2019-12-27,43,-591,0,0.00907035696996417
2019-12-30,43,-522,0.00133839438618111,0
2019-12-31,43,-417,0,0
2020-01-02,42,-317,0,0
2020-01-03,41,-197,0,-0.00907035696996417
2020-01-06,41,-240,-0.00133647150154648,0
2020-01-07,41,-242,0,0
2020-01-08,41,-201,0,0
2020-01-09,44,-242,0,0
2020-01-10,44,-250,0,0.0851113194162849
2020-01-13,45,-259,4.90323089366029e-05,0
2020-01-14,45,-370,0,0
2020-01-15,46,-332,0,0
2020-01-16,47,-441,0,0
2020-01-17,47,-385,0,0.12565526894819
2020-01-20,47,-272,3.94163875121478e-05,0
2020-01-21,47,-290,0,0
2020-01-22,47,-219,0,0
2020-02-03,47,-227,-0.00365694858610066,0.278414165520999
2020-02-04,47,-118,0,0
2020-02-05,47,-168,0,0
2020-02-06,47,-209,0,0
2020-02-07,45,-266,0,0.0329700192375699
2020-02-10,45,-229,0.00249399277768436,0
2020-02-11,45,-283,0,0
2020-02-12,45,-366,0,0
2020-02-13,48,-382,0,0
2020-02-14,48,-293,0,0.00807541400554523
2020-02-17,52.5,-399,0.00164255760395804,0
2020-02-18,52.5,-314,0,0
2020-02-19,52.5,-311,0,0
2020-02-20,50.5,-283,0,0
2020-02-21,50.5,-272,0,0.0133157759757725
2020-02-24,50.5,-279,-0.000284465495100861,0
2020-02-25,52.5,-265,0,0
2020-02-26,54.5,-262,0,0
2020-02-27,54.5,-252,0,0
2020-02-28,54.5,-297,0,0.00527705710084359
2020-03-02,54.5,-308,-0.000203788545097616,0
2020-03-03,56.5,-461,0,0
2020-03-04,56.5,-350,0,0
2020-03-05,56.5,-393,0,0
2020-03-06,56.5,-272,0,-0.0499092111216122
2020-03-09,61.5,-252,0.000406574595458231,0
2020-03-10,60.5,-289,0,0
2020-03-11,60.5,-363,0,0
2020-03-12,60.5,-218,0,0
2020-03-13,59.5,-298,0,-0.0423792229688611
2020-03-16,59.5,-326,-0.000581558275310812,0
2020-03-17,59.5,-306,0,0
2020-03-18,59,-218,0,0
2020-03-19,59,-167,0,0
2020-03-23,59,-238,0.000534469446069608,-0.0322608622182217
2020-03-24,59,-382,0,0
2020-03-25,59,-366,0,0
2020-03-26,60,-359,0,0
2020-03-27,60,-171,0,-0.0333364202675916
2020-03-30,61,-78,-0.000395056891887791,0
2020-03-31,62,-5,0,0
2020-04-01,63,-48,0,0
2020-04-02,65.5,58,0,0
2020-04-03,67,56,0,-0.0554377885569477
2020-04-07,74,83,1.05753316930191e-05,0
2020-04-08,74,104,0,0
2020-04-09,76,28,0,0
2020-04-14,78.5,22,-0.000321155392930983,-0.0364882932631367
2020-04-15,78,-11,0,0
2020-04-16,78,138,0,0
2020-04-17,80,-61,0,-0.0308772385644391
2020-04-20,80,122,0.000454779495072444,0
2020-04-21,81.5,85,0,0
2020-04-22,81.5,200,0,0
2020-04-23,83,237,0,0
2020-04-24,85,239,0,-0.0536801494636241
2020-04-27,85,228,-0.000773152046544823,0
2020-04-28,85,183,0,0
2020-04-29,85,206,0,0
2020-04-30,85,213,0,-0.108633841002795
2020-05-06,89.5,422,-0.000131803197813696,0
2020-05-07,94,386,0,0
2020-05-11,97.5,536,0.000641535243681268,-0.0722182078117992
2020-05-12,97.5,447,0,0
2020-05-13,101.5,466,0,0
2020-05-14,102.5,466,0,0
2020-05-15,102.5,392,0,-0.121645109422327
2020-05-18,102.5,379,6.05735158352161e-05,0
2020-05-19,102.5,249,0,0
2020-05-20,102.5,235,0,0
2020-05-21,97.5,2,0,0
2020-05-22,93.5,19,0,-0.05628083589859
2020-05-26,90.5,166,-0.000867608907112682,0
2020-05-27,87.5,157,0,0
2020-05-28,84.5,201,0,0
2020-05-29,83,144,0,-0.0430173850836906
2020-06-01,82.5,83,-0.000483186189121021,0
2020-06-02,82.5,134,0,0
2020-06-03,80.5,9,0,0
2020-06-04,80,-118,0,0
2020-06-05,76.5,-46,0,-0.00550965581096952
2020-06-08,73,-146,-0.000607682921864416,0
2020-06-09,71.5,-161,0,0
2020-06-10,68.5,-103,0,0
2020-06-11,68.5,-136,0,0
2020-06-12,67,-12,0,0.0948077934586666
2020-06-15,68,158,-0.000244718324649895,0
2020-06-16,72,83,0,0
2020-06-17,80,359,0,0
2020-06-18,87.5,308,0,0
2020-06-19,88.5,183,0,0.0632814499475201
2020-06-22,94,267,0.000681979114332876,0
2020-06-23,94,147,0,0
2020-06-24,92.5,40,0,-0.0238674814066435
2020-06-29,91,30,0.000208931585294891,0
2020-06-30,87.5,86,0,0
2020-07-01,86,-95,0,0
2020-07-02,84,-87,0,0
2020-07-03,84,-37,0,-0.0394139685408765
2020-07-06,81.5,-153,0.000461035528594778,0
